id,type,text1,text2,text3,notes,Column 07
#————————————————————————————REBORN——————————————————————
#                                           ——————————————————————————————————————————————————
PTSD_TasloLauncher,WEAPON,"""...因此，我们相信这些目标可以依靠单纯的投射量来压制，甚至驱逐，但在实践方面仍旧需要更多的...""",- 未知研究记录片段,,,
#——————————————————————————————————————————————————
#                                           ——————————————————————————————————————————————————
,,,,,,
#克劳斯姆概念设计局生涯相关描述,,,,,,
KRM,FACTION,"克劳斯姆概念，全称克劳斯姆概念设计局，命名自其创始人兼总研究博士—克劳斯姆博士。其作为速子旗下...曾经作为速子旗下一只小型但激进的研究机构。在第二次AI战争爆发后，此研究机构被迫迁移至外围星系，并在长久以来不见踪影。根据以前的接触报告可以推断出此机关现已独立，但仍旧与速子内部有着不可明说的关系。

克劳斯姆博士所引领的研究小组并不出名，但他们的确参与了诸多新兴项目的开发工作，同时针对近期报道的未知舰船具有极大兴趣。根据其在逆向科技研究方面具备的优秀能力水平，不难推断其打算或已自行开启了针对未知舰船的相关研究项目，据悉此组织时常派遣小型队伍对外进行打捞和不时的采购行为...但大多不合法。

为了掩盖行踪，此势力大量使用相位舰船。其甚至在克劳斯姆博士的带领下开发出一种极小的'相位节点'来替换老式的相位线圈。但有报告指出，使用相位线圈设计的诸多舰船也并未被此势力所彻底抛弃。

你说 [Thule 条约] ？抱歉，克劳斯姆概念设计局从来就没关注过任何条约，他们一直在开发禁项和新玩意上越跑越远。",,,,

KRM_star_description,CUSTOM,"一颗中子星，得益于研究局的一系列高危实验，使其所释放的电磁干扰会一定程度上影响舰船的导航系统，并在不加以操作的情况下坠入其核心。
但庆幸的是，得益于此星系大量的星云，中子星的射线并不能影响多远。当然，这也断绝了此星系中其他星球的唯一光照。

在寂静的星云之内，总是时不时闪烁着来源不明的幽灵信号。",,,,
#      "KRM_planet1_name":"Andels",
#      "KRM_planet2_name":"Feds",
#      "KRM_planet3_name":"Labyorm",
#      "KRM_planet4_name":"Montusy",
#      "KRM_planet5_name":"Posydus",
supply_cache_KRM,CUSTOM,一些飘在太空中的货物，粗略看来应该包含补给、武器以及它设备，你可以选择等别人来处理或占为己有。,,,,
weapon_cache_KRM,CUSTOM,这些货舱在这里很明显已经飘了一阵子却没人清理，里面似乎或多或少的装了些东西，粗略看来应该包含补给、武器以及它设备，你可以选择等别人来处理或占为己有。,,,,
KRM_planet1_description,CUSTOM,"一颗较为普通的冰火山行星，但出乎意料的巨大，这使得研究局在一开始便私自在此设立了许多小型的研究基地对其进行勘探。出乎意料的是，这颗冰火山行星内部独特的地心构造包含的数量巨大的溶洞以及广袤的洞穴系统异常易于开采，而针对其地质性质的勘探发现其地心充斥大量液态气体，作为一个天然的巨型矿场，其支撑起了研究局的整个重工业后勤体系。",,"从太空中观看这个庞然大物令人感到不可思议，毕竟当星球到达某些程度时往往会塌缩变成另一种玩意。而这颗星球很明显不怎么符合常规，其地表那巨大化的山峰让 攻势-级 也显得渺小不堪，巨大的山脉和富饶的矿脉网络令人目瞪口呆。

虽然没有多少聚集在地表之上的大气层，但星球那诡异的自旋速度带动着地表山脉如同波涛般席卷着，那来自天工造物的潮汐力时刻都在重塑着你眼前的景色；但这些固态的波浪都无一例外的避开了星球之中的巨大裂谷，这也给了你们进入下层的机会。你不在乎这些让科学家头晕目眩的怪异事件以及其能否存在的合理性。

作为一位太空自由民，你已经见过了太多太多的事件，太多太多。

而现在，你只想去此地的酒馆里，亲自品尝一下刚刚在穿梭机上收到的广告里描述的免费咖啡威士忌。",,
KRM_planet2_description,CUSTOM,"研究局的研发基地，存在于地下的研究设施以及利用天然大裂隙铸造的小型近地穿梭港使得在太空中似乎无法看见地表存在任何生命迹象。得益于星球地表存在大量固态水 - 即冰，科研以及日常生活可以在严格把控的能量热度控制下正常进行。直到前一段时间以前来自未知舰体的定点袭击所造成的地质运动，摧毁了大量的设施，而研究局的军事化行动便是在那时自此地正式开始。

Feds 总是会时不时受到一些佣兵的洗劫 - 由于那次地质运动对防御系统的瘫痪，不少不法分子曾试图扎根此地，更或是直接窃取研究成果，但最终他们无一例外的都被清剿了，而这激起了很多有关人士的怒气。

虽说距离研究局旗下的其他星球距离略微有些遥远，并且遭受袭击后失去了曾经的战略性，但得益于其存在的哨站和燃料生产设施，仍旧作为其内部的一个主要的中转站使用，并在一定程度上作为一个外交枢纽使用。",,"随着你乘坐的穿梭机缓缓突入那稀薄的人为大气层，你就看到了怪异的景象。

数个延绵的建筑群 - 不，等等，那似乎是一些建筑物的残骸 - 横在地表，并扎根至那幽深的大裂隙，深不见底。那些曾是轨道太空港和众多研究设施的遗骸，那些残骸都归功于一次来源不明的袭击 - 这些信息来自你曾询问过的克劳斯姆概念调度员

好在深在地下的大部分设施没有在那次袭击中摧毁，亦或是他们在那之后才开始的建造。但无论如何，你最终到达了商业区。

欢迎来到地下不夜城。

让我们干杯。",,
KRM_Sci_platform,CUSTOM,似乎是被设计局遗弃没多久的轨道空间站。除了那几个洞穿整个空间站结构的大洞外，整体上维护的还算不错。幸亏其内部有不少隔层空间，这使得这个摇摇欲坠的空间站仍旧能作为雇佣兵、走私犯、以及不少欠了钱的速子员工的临时避难处。,,,,
KRM_planet3_description,CUSTOM,"这一颗小小的行星便是研究局的核心，其作为研究局的研究总部具有相当重要的决策能力，同时克劳斯姆博士便主要在此地进行着科技研究。

这里的防御十分密集，但得益于本身星球的大小，它实际上更倾向于一种心理安慰。",,"几个相位穿梭艇 -他们为什么这么钟爱这些在探测器上看不全的玩意 - 呼哧呼哧的从你的舰队旁一闪而过。作为设计局的首都，这颗星球比起这星系的其他行星要正常的多，无论是大小还是生态方面。

因为有着星系内弥漫的星云以及立场引导的Montusy，大量辐射都没能威胁到Labyorm的地表。按理说如此冰冷的星球，乃至这个冰冷的星系都不应该有人居住，但设计局还是在这本就充满溶洞的星球内如同白蚁一样挖满了各式设施。不少建筑围绕在散落的轨道防御设施旁，几个如同参天树木般盘根错节的集中点应该就是核心区了。

克劳斯姆概念设计局内部时不时会进行身份验证，不稳定的家伙很快就会被驱逐出去。你听说曾经在地表的隐秘区有着一些黑色地带，但是在些地壳运动后就没了下文。你很确信这里应该没剩下任何黑色产业。",,
KRM_planet4_description,CUSTOM,"Labyorm的母星，因研究局的科技，其在粒子引导场的作用下为其他星球负担了来自中子星那致死量的射线，这也导致这颗星球几乎不存在任何实用性。

但其仍旧在为克劳斯姆博士正在进行的研究工作发光发热。",,,,
KRM_planet5_description,CUSTOM,"出乎意料庞大的行星，由于开采难度较大，而且距离较远，一直没有怎么得到研究局的额外关注。",,,,
Omega_zone_pre01,CUSTOM,"是不是很好奇这个鬼地方到底是哪儿？这里是为了生成出精神创伤欧米伽的测试星系，也许在日后会被删除，也许会被进一步使用，谁知道呢？但是欢迎你来这里做客。",,,,
Omega_pre_planet1,CUSTOM,"这颗行星令你感到熟悉...你似乎在哪里见过它，或者将在哪里见到他。而这种幽邃的感觉只是在愈发加深。"

IIRT_planet1_description,CUSTOM,"分遣队自抵达英仙座以后，就一直在寻找可能的遗迹落点，但不幸的是，大多数的遗迹都源自于英仙座内部动乱而在十年之内所消逝的文明。但缺失一个成体系的落脚点是不切合实际的。
于是，在遗迹部批准过后，分遣队借助一片无人星区中的文明残骸快速重建起了一座相对稳固的补给点。并在成功设立的智械制造宏单元的帮助下迅速建立起了成体系的行星级哨点。

Trunking Post之上有着大量的智械单元，无数纳米机械随时构建在地表制造着支撑舰队远行的资源。星球的极点以及众多高山深渊之间存在着密密麻麻的网状建筑，外派舰队的以西卡研究所部门正坐落于其中。
由于智械制造宏单元的猎杀活动，黑市不存在于此星球。",,,,
IIRT_planet2_description,CUSTOM,"在建立第一个补给点后，先遣队很快遇到了附近的大麻烦——海盗。海盗多次对尚未完全建成的补给点发起袭击，甚至曾在外派舰队和速子科技的贸易要道上横刀拦路，这使得距离核心星系如此偏远的位置曾一而再再而三的断联。
为了改变这一情况，外派舰队在此星系内扩充了可控范围，并逐渐发展武装。根据“ⅦⅠⅣ”的实施条例，这是第二个被开启改造的星球。

在星球的最高峰之上，建立了一座用于外贸的巨型高塔。这里具备的造船厂经常吸引星际散户和特殊势力的人员参与交流。
由于智械制造宏单元的猎杀活动，黑市不存在于此星球。",,,,
IIRT_planet3_description,CUSTOM,"行星自身的引力逐渐构建了其周围的陨石带，坠落在地表的这些石头成功带来了许多有趣的矿藏。
虽然偶尔也有生物垃圾混杂其中，但都在熔炼过程中被抛弃了，速子科技曾对此不求甚解的行为表示不满。

星系核心区坐落于地下，小型舰船可以通过一些地表的坚固建筑逐渐深入这个正在几乎被完全改造的行星内部。作为近期新设立的哨点之一，Faint Post的发展并不完善，也不具备成功启用的以西卡研究所宏单元。",,,,
IIRT_planet4_description,CUSTOM,"行星的含毒大气使得这里打着并不值得关注的幌子，但经常和以西卡研究所打交道的人大多知道：作为新兴站点星球，这里很容易找到散布各处的、正在发展的以西卡研究所小站点。
这里的市场不时贩卖在其他大型市场不易于找到的以西卡研究所小型舰船。",,,,
IIRT_resourcesPlanet_description,CUSTOM,"已经经过勘察的行星，或早或晚都会被逐渐开发、挖掘、改造，并在最后枯竭。",,,,
IIRT,FACTION,"IIRT（以西卡研究所外派科研队）的历史可以追溯到和人之领失联以前，以西卡研究所依附于一个如同人之领一样的强大组织——DEVK（统一教会）——之下，并提供了大量科技理论研究以及重型工业产品。以西卡研究所授权可以拥有自己的自治方式，以及属于研究所自身的戍卫队，其警卫部队完全由AI操控。因为DEVK与以西卡研究所AI的大量公开使用和开发已经远超人之领所能容忍的范围，针锋麦芒的外交已经常态化。话虽如此，很多人之领的众多港口也总是“在错误确认通讯码”的情况下对IIRT入港的行为予以默许。
受DEVK的影响以及命令，IIRT的部队对拥有特殊遗迹的星球拥有极强的狂热倾向，并会对任何试图对此种遗迹的阵营进行灭绝式的进攻，这也是为什么IIRT的小股部队到达此处的原因。有人推断，这是因为DEVK在远古时期或许因某些原因紧急迁移出了某些星系，而这些遗留在外的遗迹中记载了DEVK的起源或者核心秘密；也有人说这只是DEVK单纯对某种遗迹有信仰倾向。但无论如何，所有人都很确认的事情就是，不要尝试靠近那些拥有特殊遗迹的星球，除非你做好了带着整个种族下水的准备。
但根据IIRT所公布的调查结果，在英仙座内并不存在遗迹。有一些小道消息称：他们之所以未撤出仅仅是因为人之领与英仙座断联相关的事情关系到了以西卡的许多业务，但没人说得清这是不是真的。

IIRT前往英仙座的这一支外派舰队和其他部队有很大不同，因为并非DEVK与IIRT的正规军事部队，他们的舰船并没有固定的倾向点，而且非常脆弱。为了便于大量生产部署，他们的舰船相对于IIRT的正规部队更加便宜，而且倾向于狼群战术——船只互补配合，毕竟按一开始的设想，科考队不应该在英仙座内面对如此大的混乱局面。

IIRT的外交策略非常和蔼，他们会很乐意于与其他阵营构建友好关系…但他们并不一定会去主动帮助盟友，这更类似于一种互不侵犯的策略。但因为其对AI的大量运用，使得除了部分有需求的组织之外，大部分的组织对他们非常冷淡，而如同拥有卢德信仰这类敌视AI的存在则更是势不两立。如果你能和他们缔结友好关系的话，你也许可以获得一些便于部署的小舰艇。
",,,,
,,,,,,
#——————————————————————————————————————————————————————————————————————————————————————————————————————————————
#——————————————————————————————————————————————————————————————————————————————————————————————————————————————
#                                   KRUASM SHIP DESC
#
#——————————————————————————————————————————————————————————————————————————————————————————————————————————————
#——————————————————————————————————————————————————————————————————————————————————————————————————————————————
IIRT_Lab_MineBot,SHIP,"脆弱的特化采矿无人机，利用他那小小的斗式装载口来携带矿物。其高效能的采矿束可以更好的对付一些小行星，在被迫陷入缠斗时，也可以把漏斗里的矿物碎片当成弹药打出去。小小的微型护盾可以帮助其应付一些在采矿过程中的破片，但更大的东西则完全无法应付。"
IIRT_Lab_Fraudor,SHIP,"拥有全向炮塔的舰载机，从远处看起来的样子就如同什么小型货船一样。其具备一定程度上的点防能力，并且自带的采矿束也能时不时的采集一些有趣的矿物样本。"
IIRT_Lab_Hazy,SHIP,"作为一种独特的原型LPC，其所搭载的单机相位环使其具备优秀的突防能力。朦胧-级优秀的快反能力足以使其在战场中快速穿梭进行协助打击。",
IIRT_Lab_Spirit,SHIP,"轰炸机加上相位线圈，你便得到了弹无虚发的无情导弹巢。鬼蜮-级虽然昂贵，但来自相位LPC携带的一对赛博导弹足以在战场上威胁所有舰船。"
IIRT_Lab_Twillight,SHIP,"战机的极速往往会受限于其机体本身的结构强度，突破一些极端速度往往是不切实际的，克劳斯姆概念使用相位来完美的规避了这个问题。暮光-级具备极度优越的极限速度以及由一挺逐汐炮和齐射短刃巢所带来的凶残火力，总能立刻出现在需要它的地方并爆发极大的威胁力；但这种战机并不量产，有幸取得他们的人寥寥无几。"
IIRT_Lab_Liquidation,SHIP,"一种专门用来追击老赖的战机，一挺IR脉冲和一挺离子炮能对敌人的护盾和引擎造成优雅的威胁；清算-级拥有专为自身设计的单机相位系统，作为一种相当优秀的对舰压制机，他的价格是昂贵的，往往需要足够匹配的后勤系统才能最大发挥他的威胁力。"
IIRT_Lab_BurnDirt,SHIP,"一种相当模块化的LPC，其具备众多武器搭载点；但因为战机本身的速度以及机动需求，最终的设计只搭载了两组短刃火箭巢，不过这已经足以让爆尘-级狠狠压制住 - 乃至击毁敌人的中小型舰艇。可惜由于短刃的追踪性能相当拉跨，所以爆尘-级完全不具备任何形式的反战机能力，真的完全不具备。"
IIRT_Lab_Meniscus,SHIP,"一种重型单人太空机甲，使用起来并不怎么方便，但已经足以让人类携带舰载级别的武器在宇宙中执行协同任务。这种型号的机甲内置了相场散幅的组件，并配置了一杆 LRFk-711型 粒子步枪 - 高速冲出的大量粒子团几乎无法被拦截；足够优秀的火力也足以令其摧毁大多数不长眼的小型舰船，但步枪的耗能也往往使得机体需要呆在母舰附近进行快速充能。"
IIRT_Lab_FirstQuarter,SHIP,"一种重型单人太空机甲，使用起来并不怎么方便，但已经足以让人类携带舰载级别的武器在宇宙中执行协同任务。这种型号的机体内置了等离子推进器，同时还具备设计局的特色相位节点，这足以使其以远超正常机体机动的速度快速迫近敌方舰船的防线薄弱区，并以其所携带的火力压制敌人。"
IIRT_Lab_Crescent,SHIP,"一种重型单人太空机甲，使用起来并不怎么方便，但已经足以让人类携带舰载级别的武器在宇宙中执行协同任务。这种型号的机体具备设计局的特色相位节点，同时携带着重型聚能霰弹枪。可以令他高速穿过敌人的防线直接对目标舰船进行打击，聚能弹药产生的高爆足以快速撕碎一切目标的护甲，并露出里面脆弱的结构。"
IIRT_Lab_Slod_Fir,SHIP,"在各个文件上都被标注为来历不明，有人认为这种设计并非一种LPC，而是一种较为小型的护卫舰。但这一切从来没有任何详细记述，而你现在得以仔细浏览这种怪异设计的全貌。"
IIRT_Lab_Slod_Sec,SHIP,"在各个文件上都被标注为来历不明，有人认为这种设计并非一种LPC，而是一种较为小型的护卫舰。但这一切从来没有任何详细记述，而你现在得以仔细浏览这种怪异设计的全貌。"
IIRT_Lab_Lid,SHIP,"盖隙-级从来没有量产过。作为定向压缩的极致结果，这种携带数个毒刺空雷的无人机往往是战场上高效的拦截者。遗憾的是，对于其搭载体的降级从未成功，盖隙-级无人机只能在极少数舰船的内置系统内得以窥见。"
IIRT_Lab_Pathfinder,SHIP,"居住设施、武器、小停机坪、小燃料罐以及可靠的能让你远离战火的优雅小引擎，还有那独树一帜的外观彰显你那非主流的审美态度，寻路士-级是您独一无二的选择。作为一种开拓舰设计，寻路士-级那极远的航程以及高雅的生活仓使它迅速打响市场，变成了许多无势力舰长的梦中小船，但由于其不菲的价格以及并不算多的产量，其并不常见。

寻路士-级的电网并没有那么优秀，很多情况下他并不能携带多么凶残的武备；在战场的更多情况下，寻路士-级都是在作为一个携带着大量点防无人机的小型点防节点活跃在己方舰船集群附近。"
IIRT_Lab_Pioneer,SHIP,"一种赫尔墨斯-级穿梭机的改型。使您的路途不再受到那么多意料之外的关注。

原本的设想中，其并不能安放庞大的相位圈。但得益于克劳斯姆博士所研发的微型相位中介节点，使得再小的舰艇也能具备在P空间穿梭的能力。也许是因为并不实惠的价格，这种穿梭机的使用者寥寥无几。"
IIRT_Lab_Foil,SHIP,"挫败-级具有相当高度利用的内部空间以及良好的防护性能，即使极度密集的槽位造成了糟糕的观感，其优秀的表现也使得大多数舰长并不排斥在自己的舰队内增添它的位置。

挫败-级原本也是相位节点的备选载体舰艇，但最终因为资金问题被迫下马，其良好的幅能以及为相位系统空出的大量位置为此舰增添了不少意外之喜。"
IIRT_Lab_Slander,SHIP,"中伤-级 - 即使理论上其不能算是一艘护卫舰 - 拥有相当优异的速度以及异常便于替换维修的机体设计，易于大量部署并形成极具机动的压制能力。其生产时经过昂贵调校的系统大大增加了机体的可靠程度，量产型号都为相位节点增设了连接至机体前方的散幅系统。

其原本是一次针对炮艇战机的研究任务，研究人员因为各种意料之外的错误最终产生出了这个新点子。此设计最终挤占了小组原研究的地位，并在得到赞助后突破诸多难关，在军备验收中一举成名。

由于舰桥被夹在相位节点之间且距离过近，频繁出入P空间的中伤-级船员须每周进行精神检查以及必要的药物治疗。"
IIRT_Lab_Lethe,SHIP,"忘却-级具备优秀的机动能力以及充足的武备。唯一的美中不足便是其略显麻烦的维护要求。据说是同'折磨-级'所一同竞争的失败提案之一。经过克劳斯姆博士的重新设计才得以少量重新生产。

在许多地方都和'折磨-级'有着相似之处，但在研究局优化后，其内部空间利用率得到明显提升。"
IIRT_Lab_Lethe_Tanker,SHIP,"作为不怎么常见的纯相位部队的燃料舰。在忘却-级的基础上删除了一个线圈环，并以巨大的燃料装载区予以替换。忘却-级在油罐旁增设稳定器，解决了相位燃料运输舰在进入P空间时容易自行解体的问题。

但无论如何其也是一艘相位舰船，相比于普通油船仍旧有所欠缺，不过它能产生相位立场的能力往往还是能取得部分舰长的欢心。"
IIRT_Lab_Norm,SHIP,"作为隐秘研究计划的成功产物之一，准则-级内置的舰船系统可以把舰船发射的玩意加速到一个骇人听闻的地步，而压缩的武器处理系统足以使其装备相较于其他相位护卫舰更大一号的物件 - 而大多数情况下这个位置都会被 台风级死雷发射器 所取代。其开创性的使用了一种较为独特的'相位枢纽'而非线圈；独特的设计外观也得到了某些客户的欢心。

在战斗中，准则-级往往作为舰队的雷击舰在战场中行动，一艘满载死雷的准则-级能在大多数情况下以700迈的速度将死亡送给对面幅能过载的舰船。"
IIRT_Lab_Perplex,SHIP,"困扰-级臭名昭著的根本原因，便是其具备其他相位舰船所不具备的安全散幅能力。舰船可以通过准确调节自身相位幅度来达到现实-相位叠加态，并在此散幅过程中规避伤害；这总是把受袭方搞得焦头烂额。

一次意外实验的产物，试验员不小心在未准确调节相位幅度的情况下把困扰-级送到了现实宇宙和P空间的叠加态。困扰-级在此过程中能大量免疫部分自身所受伤害，从而安全的散幅。虽然在此过程中，可能对船员的寿命和精神健康造成微小的不可逆损伤。"
IIRT_Lab_Thought,SHIP,"曾同'亥伯龙-级'进行竞标的思绪-级具备更昂贵的火控系统以及压缩式相位核心，更多的武器搭载点可以使其发挥更充足的火力。其独特的外形令人诟病，但在优秀的表现下，这些小小的诋毁都会烟消云散。

同'亥伯龙-级'进行竞标时，因当时并不完善的相位枢纽系统闹出了大乱子，导致二十余位验收人员和原型机一起被扔在P空间 - 到现在都没能确认他们出来了没有 - 而被迫停产。如今剩下的产品都经过设计局的稳定性改造，为设计局的嫡系部队使用。经过翻新的思绪-级具备更昂贵的火控系统以及压缩式相位核心，足以保证它完成绝大多数突袭式的猎杀任务。"
IIRT_Lab_Vague,SHIP,"你不应该看见这个"
IIRT_Lab_Vague_Common,SHIP,"未详-级使用了一种较为独特的'相位枢纽'而非线圈。这使得其可以空出更多空间安放武备，而非找地方存放那庞大而脆弱的线圈。尽管此舰备受争议在于AI是否参与了开发设计，但官方仍旧坚称其外观只是沿袭了设计局最拿手的光滑曲线形装甲层。

实际上研究局大量使用违规级AI参与计算和建模，此舰体的独特外观大概也得益于某个A核之手。"
IIRT_Lab_Revenge,SHIP,"一种较为大型的“”采矿“”无人机，很明显只是为了掩耳盗铃。除了外观和独特的相位系统之外，其他的设计标准和设计逻辑都与曾经第二次AI战争中清剿完毕的余辉舰船极为类似。

得益于没有维生系统，寻仇-级空出来了不少位置来搭载更多武器。所有大型改动都因为舰体甚至没有个门而需要进行许多额外的累赘操作，这就使得对其进行船插改造往往较为困难。

寻仇-级早期曾经作为一种无人舰船设计被投给速子，但并非被选中，原因为 - 花哨且昂贵。之后其概念蓝图兜兜转转到了设计局手上，经过一些简单的外观调整后便作为一种独特的相位自动舰船来投入使用。即便研究局声称此舰的自动系统AI等级""绝对未曾超过Gamma等级""，但空旷的舰船内确实存在额外搭载AI核心的焊接口。"
IIRT_Lab_Nonsense,SHIP,"难以理解的构造，诡异的超机动，强大的盾效，种种特性聚集在一起，这就是荒谬-级。荒谬-级具备极度优秀的突防和猎杀能力，但在全星系的数量都是少之又少。

荒谬-级的设计据传而是来自于针对未知舰体的逆向科技工作，来源虽不可信，但内置的独特武器已经很明显的表明了这东西的战略价值。"
IIRT_Lab_Lopes,SHIP,"疾步-级的设计来自于对未知舰体的逆向实验，而这也导致其数量实际上相当稀少。疾步-级最大的特色在于其携带的反物质发生装置、昂贵的时流涂层以及那相当独特的外观，为其定制的特殊无人机决定了它在战场上具有相当良好的制空特色。

""实验并没有完全失败 - 虽然把欧米伽系统强行注入这些东西内的尝试并没有成功 - 但我们在实验过程中获得了令人振奋的数据组，利用这些数据或许可以尝试性的对舰体空间进行进一步压缩，这绝对是有意义的。"""
IIRT_Lab_FarBore,SHIP,"远凿-级作为一种独特的、非法的、高效的自行采矿机械，在两次AI战争后得到了彻底的清剿，理论上这些如同瘤子般的采矿机械应该得到消失，但设计局盗取了相关技术，并再次复现了这种技术。

其携带的两组矿机能大量开采矿石，或是开采一些落单的小型舰船。其侧方的许多挂点原本的作用是连接货箱，而不是挂载导弹。"
IIRT_Lab_Coveye,SHIP,"时常游走在战场之中，并以极为可怕的爆发输出解决敌人的落单舰船。也正因为障目-级颇有玻璃大炮的设计风格，使得它在许多船员内都有着“对换棺材”的美称。

障目-级在第一次AI战争期间就已经被研发出来，并曾试图作为对标破甲-级设计的相位歼击舰，但最终被速子科技以“费用过高”为由遭到遗弃。",
IIRT_Lab_Gallows,SHIP,"未完成舰船，之后会留下尾迹并能爆发尾迹来对敌人进行杀伤。

一种极为诡异的原型设计，其依靠最新研发的相位弦进行相位折跃，相位弦能给舰船带来更明显但更加不稳定的相位效果，同时产生现实波澜，舰船可以通过一系列系统操纵并爆发这些波澜来对敌人造成意料之外的杀伤。

""一切对相位弦的维修活动请保证舰船处于稳定状态，且必须关闭舰船反应堆，否则因此产生的一切后果本公司对此不付任何有关法律责任。因此造成的针对本司有关的抹黑、影响以及可能的损害，本司有权追责，谢谢合作。"""
IIRT_Lab_Pessimism,SHIP,"未完成舰船，之后中间会加一门内置武器作为特色。

来自克劳斯姆概念的一种独特原型设计，整个舰体都是在围绕那挺独特的内置武器而建造；其可以从P空间抽取大量混杂现实干扰的扰流束，并将这些危险的东西直挺挺的送给敌人。

""一切对相位弦的维修活动请保证舰船处于稳定状态，且必须关闭舰船反应堆，否则因此产生的一切后果本公司对此不付任何有关法律责任。因此造成的针对本司有关的抹黑、影响以及可能的损害，本司有权追责，谢谢合作。"""
IIRT_Lab_Diffuse,SHIP,"一种具有实验性涂层的运兵船 - 即使其内部空间的相当一部分被改成了个大号甲板组；弥漫-级最大的特色在于其具备一套相当完备的机兵维护设施，这使得它具备成批部署并投放成批的精锐机兵成为了可能；由于只能对机兵进行维护，所以其内置的点防机组战机是有限的，在机组消耗完后，其输出和生存力会被严重限制。

但大量部署机兵所造成的整备消耗往往难以负担，由于可能的财政赤字原因，大部分设计局舰队不会成批部署这种舰艇。

""就我一个人觉得这玩意看起来像是个苍蝇？"""
IIRT_Lab_Perished,SHIP,"放眼设计局相位舰船之中都算得上特立独行的舰船。作为一种相位重炮艇计划的成功产物，其搭载了相位节点以及外置稳定束；以节点所空出的空间所安置的大量器械给与了其优良的电网，而这足以搭载最令人生畏的的武器。那相当特殊的泛光层涂装让P空间不会如同其他同行一样 - 或者减少相关次数 - 高效的恶化舰上船员的精神状况。

""""一切因泛光层受损所造成的额外精神损伤，克劳斯姆设计局始终保留说明权，并不对此付任何有关法律责任。因此造成的针对本司有关的抹黑、影响以及可能的损害，本司有权追责，谢谢合作。"""
IIRT_Lab_Misty,SHIP,"作为设计局的主要航母，此舰使用了众多性价比奇低的稳定装载技术，能一定程度上加强设计局自家的非机兵LPC发挥能力。不晰-级更像是一种原型机而非适合量产的军备，其令人诟病的点并不止于其不支持大量现有LPC的编码以及使用，更因为其缓慢的移速并不支持它像其他相位舰船一样躲避威胁。但无论如何，当其携带相位轰炸机下潜在敌方舰船面前时，所有人都会了解到它的威力。

由于研发之初，相位节点并不是一种十分稳定的科技，这也导致不晰-级使用的是相位节点和相位线圈共同作用的相位模式，但后来的一切测试都证明这仅仅是杞人忧天，而相位节点的普及工作也随后快速在设计局内部普及了起来。"
IIRT_Lab_LongKnives,SHIP,"一种设计用于协助相位舰队的巡洋舰，其具备的独特涂层会吸收相位立场所产生的效果，并作用于自身。长刀-级为了相位立场的流通性牺牲了射界，其射角更倾向于左侧，但仍旧具备向正前方释放弹幕的能力，其具备的大型导弹槽可以协助相位队伍对敌方进行压制，亦或是进行简单的收尾工作。

所有船员禁止在非太空港对此舰的空洞部执行维护作业，若因此遭受身体缺失、内脏碎裂、精神失常等正常现象，速子科技下属克劳斯姆概念设计局对此不符任何相关法律责任，感谢您的合作。"
IIRT_Lab_Impudent,SHIP,"致密金属研究成果 —— 不恭-级具备优秀的推进系统；其能在瞬息万变的战场上精准突入，倾泻大量输出后再全身而退，亦或是以吓人的速度追杀敌人的小型舰船。但在舰船核心系统发动的过程中，其相场调制的功能会被限制。

在经过一些选择性尝试后，研究局在一定程度研发出了更加可控自身导流性能的相位节点，而得益于其具备干涉现实重力场的导向推进功能，这种型号的节点也被称呼为‘相位引擎’，围绕这种设计，不恭-级便作为一种试做品研发出来。"
IIRT_Lab_NightMare,SHIP,"相位战航 - 一个多么邪门的玩意，但是设计局还是搞出来了。梦魇-级内置了针对克劳斯姆机兵的特殊适配化，令所携带的机兵能发挥出更加凶残的威力。其具备在一定距离内折跃的能力，这让它的出现总是出乎敌人的意料，突然自空间之中涌现而出的梦魇-级会用搭载的大量射线轰碎敌人的装甲，而自甲板上飞跃而出的机兵将随其一同摧毁愣神的敌人。

梦魇-级有着较为厚重的隔离措施 - 不完全是防御炮火；这使得梦魇-级往往不会对舰船上的大多数船员造成可能的心理创伤和精神疾病，但所有需要在甲板附近工作的船员仍旧需要定期接受药物注射来预防可能的问题"
IIRT_Lab_Assignation,SHIP,"致密金属研究成果 —— 幽会-级并不像听起来那么文雅，其恰恰相反作为一艘巡洋级的相位武库舰存在。其夸张的槽位也同样能被其优秀的电网支撑起来。幽会-级的产量并不丰富。这么一艘舰艇的出现往往能令许多相位爱好者倍感欢喜，但在模糊不定的舰长手里往往是当之无愧的铁棺材。同时，幽会-级优秀的处理系统使得它能使用舰载武器直接对地表进行精准轰炸，从而达到支援效果。

幽会-级也有一个较为明显的缺点 —— 为了支撑其昂贵的舰船系统，整个舰船的造价不菲，而且幽会-级往往并不适合在小战场的冲突作战，这大大限制了它的发挥，同时也进一步限制了它的生产数量。往往只有暴躁的驾驶员才有可能发挥出这艘舰船的最佳效果。"
IIRT_Lab_Obscurity,SHIP,"在幽魂-级的设计出现后，研究局便非法窃取了蓝图，并在大量计算下进行逆向原理分析，并随后将其与现有'相位枢纽'结合。晦涩-级以更小的体型和更大的容量空间，作为一种极度成功的设计迅速成为研究局的主要运输舰体。

晦涩-级内置的系统可以获取附近一片区域的P空间稳定读数，并将其同步给附近的己方舰船，这能大大加强相位运输队的自我防御以及机动能力。"
IIRT_Lab_Slod,SHIP,"强大的电网支撑其了其暴躁的武器效能，独特的相位阻流板可以让它获得更稳定的相位维持。归尘-级所内置的归尘系统来自于未知舰体的分裂行为，在舰船核心处的分裂仓内，会稳定生产归尘系统无人机，对敌人造成持续的威胁。而归尘-级所配备的武器装备也会在此过程中无情的撕碎敌人的护盾、护甲、以及它所剩无几的结构。

“”你再跟我说这天杀的玩意是人设计的？“”"
IIRT_Lab_Mourning,SHIP,"利用相位节点和诸多相位涂层相关前沿技术为根本，在付出大量财力物力以及无数人命后建造的相位战列；其搭载的数个机兵维护库足矣令其仅凭自身一艘战舰就在战场上投放大量的相位机兵，而那厚重的护甲和昂贵的电网体系也足矣携带着最要命的玩意奔赴前线。作为一种概念、一种原型机，哀恸-级是令人畏惧的产物。

""我要求内部部门立刻终止一切相关计划；在我们完全理解其运作模式之前，这一切都必须终止。"""
#——————————————————————————————————————————————————————————————————————————————————————————————————————————————
#——————————————————————————————————————————————————————————————————————————————————————————————————————————————
#                                   ESCORT SHIP DESC
#
#——————————————————————————————————————————————————————————————————————————————————————————————————————————————
#——————————————————————————————————————————————————————————————————————————————————————————————————————————————
Escort_Adherent,SHIP,"""目前我们只在代号 '盾卫' 的异常机体之上见过这种东西，其拥有充裕的再部署速度，并且疑似由舰体持续生产并存储。

我已经提交了本次的报告，现在我们只需等待。""",不明舰船,"未知条目

请登记您的速子科技数据平板以获得最新资讯与功能升级。",,
Escort_Guard,SHIP,"""我们已经尝试很多次了，但是这种...舰体——并不属于任何已知的分支。

我已经提交了本次的报告，现在我们只需等待。""",不明舰船,"未知条目

请登记您的速子科技数据平板以获得最新资讯与功能升级。",,
Escort_Grenadier,SHIP,"""这些武器实在是太熟悉了，研究组相信这些舰体与我们的合作伙伴有着一定的联系。""",不明舰船,"未知条目

请登记您的速子科技数据平板以获得最新资讯与功能升级。",,
Escort_Spy,SHIP,"""代号为 '窥视' 的所有信息需要立即归为机密文件，立刻执行。""",不明舰船,"未知条目

请登记您的速子科技数据平板以获得最新资讯与功能升级。",,
Escort_Scout,SHIP,"""代号暂定 '勘察' 的异样船体设计。我们已经获取了部分资料，这些数据不能轻易泄露出去。

这些东西的构造模式完全不合理，我们需要更多的拨款投入研究。""",不明舰船,"未知条目

请登记您的速子科技数据平板以获得最新资讯与功能升级。",,
Escort_Survey,SHIP,"""代号暂定 '探测' 。此舰体的核心设计意义不明，但根据远距离探测，这种舰船内拥有维生设备。但其内部检测不到任何生命体征。

我们需要这种舰体的一些结构，残骸也可以，否则纯靠言语的推断很难进行论证。""",不明舰船,"未知条目

请登记您的速子科技数据平板以获得最新资讯与功能升级。",,
Escort_Intercept,SHIP,"""代号暂定 '拦截' 。此异样船体的内部机理与我们的合作伙伴有着一定的联系，其具备短距离折跃的功能。

我们需要更多的研究资金，否则研究成果可能会比预期来的更晚。""",不明舰船,"未知条目

请登记您的速子科技数据平板以获得最新资讯与功能升级。",,
Escort_Restrain,SHIP,"""代号暂定 '抑制' 。此异样船体将携带众多子机，并具备对子机再部署的能力。

我们需要更多的研究资金，否则研究成果可能会比预期来的更晚。""",不明舰船,"未知条目

请登记您的速子科技数据平板以获得最新资讯与功能升级。",,
Escort_Shield,SHIP,"""代号暂定 '盾卫' 。此异样船体似乎具有额外的内置子机生产线，初步怀疑存在于 '翼片' 内。

我们需要这种舰体的一些结构，残骸也可以，否则纯靠言语的推断很难进行论证。""",不明舰船,请登记您的速子科技数据平板以获得最新资讯与功能升级。,,
Escort_KeyHold,SHIP,"""代号暂定 '持钥' 。目前没有任何与此种船体近距离接触的反馈。

我们需要更多的研究资金，否则研究成果可能会比预期来的更晚。""",不明舰船,请登记您的速子科技数据平板以获得最新资讯与功能升级。
#——————————————————————————————————————————————————————————————————————————————————————————————————————————————
#——————————————————————————————————————————————————————————————————————————————————————————————————————————————
#                                   OMEGA SHIP DESC
#
#——————————————————————————————————————————————————————————————————————————————————————————————————————————————
#——————————————————————————————————————————————————————————————————————————————————————————————————————————————
IIRT_Omega_Record,SHIP,"""无论我们如何对这东西进行信号屏蔽处理，它...或者说它的一部分，总是在不断的向宇宙中发射一种固定频率的波，即使它已经是这个德行也不影响它定期发送那些讯号，我们不知道那些讯息是什么意思，也不知道那些信息的目的地是何处，但这么个巨大的信号发射装置开着只会引来麻烦，我的那点资薪还不足以支撑我为这档子破事把命搭上，还是让那帮老爷们担心去吧！""",- 不明录音
IIRT_Omega_Allusion,SHIP,"""时空扭曲的局部现象没有那么少见，也正因如此，我诚恳的，诚恳的请求您同意我们中止调查的命令，毕竟大多数实验仪器对着现象点就会逐渐冒烟，我真的没法完成这个月的表单了。研究报告只能再推迟60天提交。""",- 不明录音
IIRT_Omega_Pupal,SHIP,"""这完全就是一摞废纸，我不知道这具体是在研究什么鬼东西，你自己来看看这些构造，几乎一切零件都是有迹可循可理解的，但问题也出在这儿，这些可理解的零件起到的完全不是他们在推论中的作用。如果我们现在的物理学仍旧保持正确，那一切测试结果都应该指向这东西不具备开火能力这一结论点上，要么我三十来年的研究经历当成个屁放，要么就是你们给出的数据绝对哪儿有他妈的大问题。""",- 不明录音
#船只介绍,,,,,,
IIRT_Omega01,SHIP,"""考虑到速子科技在面对之前的类似型号不明舰体时就已经产生一片轰动，我们不认为与速子科技分享这艘舰体的数据是合理的。""
""那...你要怎么和速子科技的探员说明我们前几天，向他们索取类似舰体数据的原因？""
""传感器，打靶数据，随便扯个已知型号的目击遭遇，那些冲突的数据就让钻在数据里的呆子们自己忙活去吧。""",不明舰船,,,
IIRT_Omega_Heart,SHIP,"""...卢德在上啊，这东西冲过来了！快开火！""",不明舰船,,,
IIRT_Omega_Arrow,SHIP,"""...所以它们来了？提前了这么久？我们甚至还没来得及彻底部署好超空间系统，看来不少计划要大幅度调整了...""",不明舰船,,,
IIRT_Omega_Crack,SHIP,“舰队中的一个数一数二的反AI分子参谋大喊着，大多数左径的人见他也只是小巫见大巫，你在舰桥上都能听见他的鬼哭狼嚎。“幅甲！辐甲！那些东西回来了！！！我好不容易才离开那个地方！为什么卢德要这么对我！一定是你们害的，我们都死定啦！都死定啦！”直到安保人员将他控制住前，他的吵闹一直没停下来。,不明舰船,,,
IIRT_Omega_Cube,SHIP,“根据得到的能量和质量数据，这种机体的能耗绝对是个天文数字，你相信不论是与其交火亦是击毁它都不会有什么好结果。这令你你衷心希望它的辐能容量只是刚好支撑住它自己，绝不是它有着超乎想象的能量。,不明舰船,,,
IIRT_Omega_Proxy,SHIP,“我们的探测仪表又炸了！如果可以的话我更希望您能击毁这个东西再让我们去探测，我们的仪器在对准这些东西的瞬间就会立即过载！”你的工程师对你愤怒的吼叫着。你看着他那布满血丝的双眼，十分同情他。毕竟刚刚仪器的爆炸声实在是太明显了。,不明舰船,,,
IIRT_Omega_Gateway,SHIP,“这个东西我好像听一些霸主的老将领提到过，远在第一次AI战争之前就出现过这种东西...代号好像是被称作网关？我建议您离这些东西远点，它们好像有很多种类型。而且移动速度极快。”随后他耸了耸肩，继续说：“原话复述罢了，我之前在霸主巡逻支队手底下干过。”,不明舰船,,,
IIRT_Omega_Firewall,SHIP,“发现病毒，正在清剿，请稍后。”这是那个长得如同海螺一样的舰体在冲过来前发送的最后信号。随后它便在一系列齐射中蒸发了它面前的勘察部队。,不明舰船,,,
IIRT_Omega_Antitrack,SHIP,“请立即关闭所有武器系统并投降。”这是那个长得如同海螺一样的舰体发来的最后信号。但你没听说过有人会在勒令别人投降前，就已经开始大肆开火并击毁数艘对方的舰艇。,不明舰船,,,
IIRT_Omega_Bit,SHIP,这东西有点可爱的，六个护卫围着这个小东西，防止他到处乱窜。不过我很好奇这个小东西如果撞上了什么东西会不会直接被摧毁。,不明舰船,,,
IIRT_Omega_Kb,SHIP,这东西有点可爱的，两个护卫围着这个小东西，防止他到处乱窜。不过我很好奇这个小东西如果撞上了什么东西会不会直接被摧毁。,不明舰船,,,
,,
IIRT_Omega_Torsion_2,SHIP,"""按照现有记录来说，我们这次行动是完全失败的，未知舰船再一次逃逸，并摧毁了我们的科研船只。说实话，你们这些家伙到底是不是就肉饭桶？""",- 不明录音,
IIRT_Omega_Tranquil,SHIP,"""很好，至少你们还有个视频录像，将此种舰船代号为'宁静'并归档入我的个人数据空间，删除所有现有的外部数据。""",- 不明录音,,,
IIRT_Omega_Riots,SHIP,"""Krausm博士，现在已经有部分员工宣称现在又有一种特殊舰体出现，我们希望您能参加之后的科考会议并和我们一同讨论对策方案。""",- 不明录音
IIRT_Omega_Bustle,SHIP,"""很好！现在这些东西已经有针对性的来袭击我们了，那个该死的糟老头Krausm就是我们这次的营救目标，既然探测仪中还有他的生命迹象那就表示他还没死透，伙计们！开始干活！""",- 不明录音,
IIRT_Omega_Deplorable,SHIP,"""代号'可叹'，执行三级保密措施，适当下方给星门相关的守备工作人员，这些东西已经日益增多了，我们可能很快就会迎来一场大变革。""",- 不明录音,,
,,
IIRT_Omega_Inner,SHIP,"""恕我直言，Krausm博士，这种令人憎恶的东西光是看着就很令人不适，我不知道这是有意为之还是意外巧合，但我认为这都足以让您尽快公开现有的所有研究资料，并允许我们成立专案小组应对这些不明舰体。""",- 不明录音,,
IIRT_Omega_Inspect,SHIP,“这种东西我似乎在哪儿见过，看着很像一种古老的殖民地宜居性调查机的设计...不过我很确定那玩意没有这些武装...等等，它跑 哪儿去了？”,太空黑匣子内存储的录音,,,
IIRT_Omega_DevilFork,SHIP,"""博士已经把这些研究资料传出去了，现在我们唯一需要的就是面对这些东西。如果我们不能解决他们，那死的就是我们了...速子研究员Darun，完毕。""",- 不明录音,,
IIRT_Omega_RedShift,SHIP,"""请各位，冷 静！接下来我们还有一个最新的消息...P空间也被探测到存在未知舰体的碎片影响...所有人冷静...安静下来，我说安静下来！""","""反数据"" - 部分议题录音",
,,,,,,
IIRT_Omega_Sinus,SHIP,"""代号是——正弦...没了？这好像就是对这种舰船全部的记录了。""",不明舰船,,,
IIRT_Omega_Cosinus,SHIP,"""代号是——余弦...是的，没了。这就是对这种舰船全部的记录了。""",不明舰船,,,
IIRT_Omega_Tangento,SHIP,"""代号是——正切...没了，这就是对这种舰船全部的记录了...为什么都是三角函数？""",不明舰船,,,
,,,,,,
IIRT_Omega_Nihility,SHIP,"""就像录像上他们的飞行模式一样，这种东西的运动本身就是对物理的亵渎，我不认为我们他妈的折腾半天打捞的这些铁块有什么用，除了让整个室内变得宛如冰窟一般就别无他物。这些东西还他妈的在发出能致死级别的辐射？？？说真的，如果我还得负责这个项目的话，我现在就立马放弃我的一切科研地位，我宁愿去当一个太空海盗也不想再弄这种无意义的事情了。""","""温差"" 研究日志 - 节选"
IIRT_Omega_Heatdeath,SHIP,"""对此舰体的第一次目击记录来自于一次运输行动，有关人员不是死在太空就是不知道飘到哪儿去，所以我们没有任何这些东西的数据。现如今只留下这黑盒子中存有的交战记录。现在我还得去应付上面的财政紧急调查，如果我回不来的话，告诉切斯特他是个混账东西，椅子板是我松的。""","""温差"" 研究日志 - 节选",
IIRT_Omega_Singularity,SHIP,"""我们唯一知道的就是这种东西不来自于英仙座，甚至也与大多数异常舰体不相同，他们的数据结构极其缭乱，其舰体散发出的庞大数据流不经过任何加密，但是就是没法破译，这东西不是二进制也不是三进制，鬼知道它到底是靠什么编写的，随机数吗？我操了...这东西我怎么研究？？？""","""温差"" 研究日志 - 节选",

Omega_Scrap_Heap,SHIP,"""这些东西到底是哪儿来的？长官，您要相信我，我只是在外围星系参与活动的时候不小心进入了那个星系...他们...他们到处都是，瞬间就击毁了货物...我说的都是实话！""",- 未知速子审讯记录,,,
IIRT_Omega_Cipher,SHIP,"""结合大多数未知舰体的能源结构，我们试着进行了逆向，并在某些原型机的基础上建造了这艘可以超高速巡航的独特相位舰船...由于其内部的能量循环通路的特异性，每次下潜时都会将相当一部分赋能砸入P空间内部，并使用这些能量环流长时间保持自己于P空间内部的稳定性。未知舰体的某些结构出乎意料的能与原型舰体进行不稳定融合，而且机体自身对外形的微弱变化似乎能更好的适配在P空间内的极致稳定性，作为第一次实验，我认为这是非常优异的成绩。""

其白板原型机能追溯到人之领后期，克劳斯姆博士也曾参与过原型机的相关设计，故留存了几架未武装化的机体。而随着博士决定将原型机与未知舰体的结构进行融合，密钥系列舰船也就此产生。出乎意料的是，此机体的自我重构似乎在无时无刻的复写自身一切底层逻辑，故在没有独特的""天选之人""协助时，对机体的控制往往都是徒劳的。

月相-级具备独特的涂层 - 超弦振动涂层，此涂层能彻底免疫一切EMP以及光束伤害，并将其转换至舰船自身的能量系统之中。不过在一些测试中，这种涂层会在到达自身能量极端后彻底""失去特性""，同时EMP弹药的击打本身仍会对涂层造成物理意义上的损伤。","""密钥""反应 - 研究日志"
,,,,,,
IIRT_Omega_Station,SHIP,"一种独特的引力束缚场在这个设施核心生成了一颗小型黑洞，也许是存储点，也许是能量源，这些东西没人清楚是干嘛的。大量未知舰船多多少少都在此地集结，摧毁这个设施一定会严重阻滞它们的行动。

一种难以理解的设施，遭遇记录那是少之又少，但它似乎会不断发展，最终变成一个巨大的黑洞稳定立场。如果想要摧毁这个东西，就必须尽快。",,一切针对这个设施的探测均已失败告终；随着舰队的接近，大量非法访问便如同暴风雪般狠狠的压制了你的舰队。大量辐射源以及高能电磁信号冲击着舰载设备，你能感受到中央的黑洞内仿佛有东西在对你歌唱。,,
IIRT_Omega_Station_move,SHIP,"一种独特的引力束缚场在这个设施核心生成了一颗小型黑洞，也许是存储点，也许是能量源，但这都不重要了。随着空间的波动，你亲眼看见代表空间站的标识已经从作战终端正中央向着你所在的位置缓缓靠了过来。

没有人遭遇过这种东西，没有人。",
#————WEAPON——————————————————————————————————————————————————————————————————————————————————————————————————————————
Omega_Entropy,WEAPON,"""不合理是我能给出的最高评价，有关的研究需要重新进行。目前唯一确认的就是数据出现了错误。实话实说，如果我们继续这么耗下去，预算部绝对会立案调查下来的。""",- '蕨丛' 研究日志片段,,,
thermosiphonsrm,WEAPON,"""基础的虹吸现象应用在空间热度上，这的确是一个很奇特的思路，但我对这种东西的可靠程度以及可行性持悲观态度...嗯？这种东西已经有了？""",- 未知舰体遭遇报告,,,
Omega_Vpdiver_S,WEAPON,"""这种东西似乎进行了进一步的优化，能量聚集效果进一步压缩使得其能量趋于空间不稳定状态，具体研究项目之后会给出。""",- '蕨丛' 研究日志片段,,,
IIRT_Omega_DDOS_Weapon,WEAPON,"""按理说你不应该在生涯看得到这个。""",- 迪泠,,,
#—————SYSTEM—————————————————————————————————————————————————————————————————————————————————————————————————————————
IIRT_Omega_phaseteleporter,SHIP_SYSTEM,"""这是一种类似于相位传送的概念，如果可以实现的话，将足以将最大的东西从宇宙的这一端运送到那一端，我们相信星门便是在使用着这种技术来连接两个星区的。""",- '凝聚体' 研究日志片段,,,
IIRT_Omega_ShockWave,SHIP_SYSTEM,"""我们的探测器在接触的一瞬间就化为了碎片。""",- '回音' 研究日志片段,,,
IIRT_Omega_displacer_shadow,SHIP_SYSTEM,"""它去哪了？""",- '回音' 研究日志片段,,,
IIRT_Omega_phasecloak,SHIP_SYSTEM,"""一种概念级的东西，不再将相位线圈单独放置，而是将其作为一种和舰船自行融合的下意识物品进行使用...这只是一种概念，不可能实现的。""",- '蕨丛' 研究日志片段,,,
IIRT_Omega_DDOS,SHIP_SYSTEM,"""...故可在进入P空间时，利用产生的巨量赋能产生隧穿，这种利用一种可作用于主宇宙的真空涨落效应，并将其化为一团全新的中子物质...""",未知 - 研究日志,
#—————MOON—PHASE—PROJECT——————————————————————————————————————————————————————————————————————————————————————————————————————
IIRT_Omega_Cipher_phasecloak,SHIP_SYSTEM,"""运用‘超弦振动涂层’的相关理论，将未知舰体的部分与舰船融合...简单来说就是可以令舰船在P空间内稳定更长时间，同时进一步优化赋能的消耗。""","""密钥""反应 - 研究日志","""运用‘超弦振动涂层’的相关理论，将未知舰体的部分与舰船融合...简单来说就是可以令舰船在P空间内稳定更长时间，同时进一步优化赋能的消耗。""",
#——————————————————————————————————————————————————————————————————————————————————————————————————————————————
#——————————————————————————————————————————————————————————————————————————————————————————————————————————————
#                                   IIRT SHIP DESC
#
#——————————————————————————————————————————————————————————————————————————————————————————————————————————————
#——————————————————————————————————————————————————————————————————————————————————————————————————————————————
IIRT_SD_Budge,SHIP,"据说威胁不大，但得益于一切以西卡研究所的舰船都有内置这种型号的点防御无人机，故形成数量后会形成密不透风的点防御网络。舰船内置的快速生产设施可以快速恢复这种无人机的数量，所以实际上很难依靠制空优势来突破这种防御体系。"
IIRT_SD_Skirmisher,SHIP,"Skirmisher——SK尸骸科考船 是由外派舰队自行研发设计构建的民用船只，为了便于在各种危机地点的来往以及物资的输送，这种船只内部空间经过了极大的优化，对于物资供给以及武器规划都给出了充足的空间，但这终归只是艘民用级的舰艇。

船体武器大多内置于舱体内，但不可避免的，为了射界而在舱体内留出的空缺影响了维护。",,,,
IIRT_SD_DownLight,SHIP,"DownLight——DL筒灯无人机 的外形设计源于DEVK的一种地表智能机械武装。这种舰船的设计外表很不讨喜，可它紧凑利用的恰到好处的船体以及内置的导弹车间却让人眼前一亮。
比起其他无人机，DL筒灯 的存在更类似于支援型，其主要配备鱼雷、导弹或是点防御。作为一艘护卫舰级别的无人机，内置的导弹车间使得维护难度增加了一整个量级，但他在战斗中的表现绝对对得住这个价格。

其还具有高度自主化和智能化能力，能在离线模式下进行自主行动，执行各种任务。",,,,
IIRT_SD_Recursion,SHIP,"Recursion——RS递归通用艇 是IIRT研究组常用的武装巡逻艇，实际上其不具备战场厮杀的能力，其主要目的只是单纯的快速转移研究员以及轻量货物，并利用其所具备的火力保证这些货物不会过于轻易的丢失。

之所以这么一艘通用艇会被外派舰队搬到太空战之上，绝不只是因为资金的不充裕，相信我。
RS递归的机体一开始并不拥有正中央的中型武器位。而为了增加其威胁性，研究员们最终还是设法在舰体之上增设了新的位置。",,,,
IIRT_SD_Realm,SHIP,Realm——RM领域 拥有两种型号，这是正常的量产型号。其具备不弱的骚扰能力，但作为一种试制型号，它并不具备很强大的火力，只配有三个能量武器的放置配备件使得它更需要驾驶员的意识，使用具备极强爆发的武器去骚扰敌方。,- 以西卡曲理部,,
IIRT_SD_Dim,SHIP,"Dim——DM无光 简化打捞船 是外派队一开始便带来的设计，其内部空间竭尽所能进行了压缩和特殊存储设计，在兼具运输以及打捞舰的同时，其仍拥有不俗的武装和火力系统，但需要指出的是他的护甲结构异常脆弱，其自身含有的小型加工厂在护盾过载后很容易被一发流弹所殉爆。而其密密麻麻的众多货物，则使得维护人员成为了无光舰上最脸上无光的职业。
（字面上的脸上无光）

无光如同其他以西卡的舰船一样自带小型护卫舰载机，但比其他舰船要多出一对控制器的配备。这使得他们在受到海盗的攻击时可以拥有稍微好一些的生存率。

DM无光 打捞船操作笔记————
    为了给武器位接通足够的数量用以应付海盗的舰载机编队，加装的能源电缆使得无光打捞船的能源体系极其不稳定，强烈建议不要装满高能量需求的武器并由机载AI自行处理。
    如果在此事上操作不当很可能造成严重的后果，错误操作导致的电子系统所有后续维护费用都将从乘员工资卡上移除。",,,,
IIRT_SD_Gap,SHIP,"Gap——GP豁口通用艇 作为小型部队的运输单元使用，其配备了三个小型武器位以及两个出厂自带的导弹挂点。具备看得过去的武装数的同时，还存在一定的装甲和不错的运输性能。
然而，由于其设计初衷并不是作为武装舰艇，因此护甲脆弱、辐能需求高以及火力不足等问题都成为了 GP豁口通用艇 在英仙座随时出现的战局中生存的威胁。为了解决这些问题，后期对其进行了多次修改和升级，通过提高护甲厚度和引入新型的能量转化装置来增强其防御能力。同时，在辐能匹配方面进行答复军事化改造，使其具备更强的打击能力和精确度。GP豁口通用艇虽然是一艘小型货运船，它的战斗力却不容小觑。",,,,
IIRT_SD_Gap_Tanker,SHIP,"Gap——GP豁口通用艇 作为小型部队的运输单元使用，其配备了三个小型武器位以及两个出厂自带的导弹挂点。具备看得过去的武装数的同时，还存在一定的装甲和不错的运输性能。
然而，由于其设计初衷并不是作为武装舰艇，因此护甲脆弱、辐能需求高以及火力不足等问题都成为了 GP豁口通用艇 在英仙座随时出现的战局中生存的威胁。为了解决这些问题，后期对其进行了多次修改和升级，通过提高护甲厚度和引入新型的能量转化装置来增强其防御能力。同时，在辐能匹配方面进行答复军事化改造，使其具备更强的打击能力和精确度。GP豁口通用艇虽然是一艘小型货运船，它的战斗力却不容小觑。",,,,
IIRT_SD_Lens,SHIP,"Lens——LS透镜 与其他类似的西卡714计划舰船相似：具有独特的几何外观，这或许反映了设计师对创造独一无二的船体形态的渴望。然而，由于设计过程中出现了不可控的问题，LS透镜所能利用的空间被要求大幅度压缩，从而直接影响了其战斗性能。

LS透镜作为一种偏重于协助的舰船，在战场上主要负责支援其他舰船一同产生足够的火力。它配备了多个先进的电磁脉冲装置和红外线感应器(没做)，并以此来侦测和追踪敌人的行动。但是，为了在遭受攻击时提供更好的防护，LS透镜将大量能源额外用于护盾的生成，可因其武器装备槽位却相对较为密集，生成的护盾难以构建足够稳固的锁死体制——换句话说就是护盾受到的伤害会更明显的反应到辐能上，这使得它在遭受大规模压制时十分脆弱。

为了解决这些问题，后期对LS透镜进行了多次升级和改造，使其在突破敌人防线方面表现出色。同时，通过精细的电子制导系统，它可以将船体的运动和火控配合得十分默契，从而实现精确打击目标(别看我，没做)。虽然LS透镜作为一种协助性质的舰船，在战场上表现不够耀眼，但它强大的协助能力和精确的打击手段，在战略角度上具有十分重要的意义。",- 以西卡曲理部,,,
,,,,,,
IIRT_SD_Stroll,SHIP,"Stroll——可以肯定的是 SR漫步者无人炮艇 确实是由民用/警用的巡逻艇改造而成，其去除了众多的良性设计来追求更大的散能空间，同时也便于为其配给足够多的武器挂点。

作为一种无人炮艇，SR漫步者不需要搭载任何船员。其内部空间可以适当放置一些货物，但数量有限。该战舰因其小巧灵活、机动性强而备受军方青睐。其主要配备为各类导弹发射装置，为己方提供强大的火力支援，并提高部队作战效率。

然而，SR漫步者也存在一些缺点。首先，它的运载能力相对较低，无法承载太多的武器和装备。其次，由于没有实体船员，遭受攻击时无法进行人工干预和修复，容易受到敌方网络攻击和电子干扰。SR漫步者对后勤维护的要求较高，需要有经验丰富的技术人员进行操作和维护。",,,,
IIRT_SD_Exordium,SHIP,"Exordium——ED序言 特种突击舰 是完全由以西卡外派舰队在航行过程中自行研发的，由于设计之初便考虑了诸多可能的争斗，才敲定了这种在战场上较为广泛适用的中坚舰艇。


ED序言 比起其他舰体，其最大的设计突出点即为紧凑，大量且密集的武器安装位以及配套火力装置使得他理论上不具备任何的货物荷载空间。所以即使把物品扔进成员活动范围内，这种舰船也不可能单独行动，

但这丝毫不影响他的主业，ED序言 作为一种战斗特化的中型舰艇，其大量部署在战场上所形成的防空网络是及其可靠的。同时为了进一步补充其远程火力，工程师们进一步的压榨了乘员的活动范围，并设法将无人机控制基站安设在其中。三只携带导弹的WD 巡游者 将使得落单的敌军痛苦不堪。",,,,

IIRT_Refractivity,WEAPON,"折光 Refractivity激光单元 是一种很简单的激光点防御系统，其具备相当充裕的伤害对来袭的小群导弹进行逐个摧毁，瞬发的发射设置也使得它掺杂大量EMP。在某些情况下也可以当作输出武器使用。",,,,
IIRT_Transmiso,WEAPON,"透射 Transmiso激光单元 是一种很简单的激光点防御系统，其良好的射程足以另那些护甲轻薄的船只感到压力。",,,,
IIRT_Bito,WEAPON,"撕咬字节 Bito自卫单元装置 的设计是DEVK的民用舰艇用来针对部分太空漂流物的自防系统。在经过科考队的能源扩展以及714工程后，增大了他的射程和威力，这种武器可以作为点防，亦可以大量装配作为主力武器使用。

“这东西用起来真...暴躁，你们真的把这种武器当点防御用？”
——速子科技研究员 在第一次武器交流时的评价",,,,
IIRT_Divert,WEAPON,"转流 Divert 自追踪脉冲单元 可以作为一种持续威胁敌方的手段，虽弹容较多，但其单体较小的伤害仍旧作为其硬伤存在。

其弹药来自于IIRT船只内部能源不时析出的结晶，经过机载加工工艺制成。",,,,
IIRT_Divert_Any,WEAPON,"转流-S DivertS 自追踪脉冲单元 可以作为一种持续威胁敌方的手段，虽弹容较多，但其单体较小的伤害仍旧作为其硬伤存在。为其原型的微缩型号，相比而言装填更快但伤害更低

其弹药来自于IIRT船只内部能源不时析出的结晶，经过机载加工工艺制成。",,,,
IIRT_Lmplozo,WEAPON,"普洛佐 Lmplozo EMP导弹 的作用是对失去护盾的舰艇投递过巨量EMP。为了保证命中效果，这种高速导弹一次会投放掉它全部的两枚配置弹药。",,,,
#中槽,,,,,,
IIRT_Comment,WEAPON,"熵变 Comment熵防御单元，将熵能水晶碎片放置于底盘，利用这种物品的能量影响能量射线，使其保证连续输出的同时产生更大的威力。

原型来自于一种DEVK的警用非致命装置。虽说定位是非致命，但如果去掉限能阀并稍加改装，你就可以得到不错的高杀伤力武器。",,,,
IIRT_Los,WEAPON,"视线Los高能粒子束 放大成舰船武器后并不能达到曾经的连锁效果...是的！你不能在一发炮弹后就等着敌人的装甲自行解体。取而代之的是利用高能粒子束的能量裹挟大量不稳定电子，目的在于过载敌人裸露在外的武器...抑或是其他的使用方式。

视线 Los高能粒子束 的设计灵感来自于一种IIRT采掘部队的开路装备：将足够能量和数量的粒子打入某些岩石缝隙，依靠计算好的效果精准采集某些稀有或不稳定的矿物。

武器开发后投入列装使用并未超过三个单元时间，请积极反馈武器发挥效果至制裁部。",,,,
IIRT_Condensation,WEAPON,"凝聚 Condensation冲程束 是IIRT的一种特殊外贸武器，其核心设想和实现方式只是将以西卡小型激光单元的能量投放速率放大到一定程度，其具备良好的杀伤力以及一定程度上的压制力。",,,,
IIRT_Sentry,WEAPON,"哨兵 Sentry哨戒炮 拥有极高的反应速度和与极高的伤害和能量需求，但伤害在击破敌人防御前会有大幅度衰减。

依靠每次开火所遗留而后存储于武器座内的那些能量，Sentry哨戒炮 给人留下的第一印象一定是它那不合实际的转速。它所发射的等离子体不同于它的原型：Bito自卫单元装置，速射等离子体更加追求疯狂的射速，从而放弃了相对稳定的能量，这使得能量会在过程中消散。护甲和护盾会轻易挡下这些无力的能量，而这也是Sentry哨戒炮的应用范围一直不如Bito撕咬字节的主要原因之一。",,,,
IIRT_Prejudice,WEAPON,"偏见 Prejudice高压束 的设计在IIRT刚到达时就已经存在了，其效果与速子长矛类似。其所发射的高压能量随时准备击穿敌人那些不稳定的护盾。

大多数人对这种东西的看法只把他当作一种中型的速子长矛...实际上也的确如此，它的定位和作用都和速子长矛有异曲同工之处。",,,,
,,,,,,
IIRT_Regular,WEAPON,"正则 Regular自卫装置 的设计是IIRT应急手册中的一种，其具备相对优良的属性以及相对廉价的生产，在其优良的射速下发射的不稳定能量体所产生的伤害足以撕裂敌人的护甲，并把脆弱的结构暴露在外。",,,,
IIRT_Unsable,WEAPON,"无常 Unstable离子炮 的设计是IIRT应急手册中的一种，其过载的能量体会对暴露的船体产生不小的额外伤害，并产生电弧瘫痪敌军的武器以及引擎。

由于采用了相对更为激进的能量集束手段来保证武器的输出，使得其射程相比其他以西卡的武器下降了不少的的极限距离。",,,,
IIRT_Downlight,WEAPON,"暗昼 DK轻型磁轨火炮 最开始的设计是一种连射炮，但因为它对能量的消耗过快，且断断续续的快速能量消耗对相关系统的寿命损耗过于严重，被迫更改为了较低射速的模式。也正因如此，它可以将能量供给的更为集中，保证杀伤力的同时，亦获得在同种武器中遥遥领先的射程。

这是一种存粹的动能武器，其被设置在能量槽的主要原因是他对能量的消耗。",,,,
IIRT_Theaten,WEAPON,"恐吓 Theaten轨道炮 作为一种专职破盾的武器，将弹药依靠粒子束进行驱动并快速投放到射程边界，具有良好的冲击力，在过载敌方护盾后，也可以用于对敌人的护甲进行冲击，但效果并不明显。",,,,
IIRT_Evil,WEAPON,"恶意 Evil冲程炮 经过极大程度的充分改良，更替了五六十个版本后终于成功量产，即使仍有着在以西卡普通舰船武器内略高的辐能，但可观的近距离爆发伤害使得它仍是成为了众多标配装备之一。

设计原型是地表对轨道防御系统中一种极其暴力的对轨高射火炮，但将过于庞大的能耗直接搬上舰船是不合实际也不符合资金状况的。",,,,
,,,,,,
IIRT_Recursion,WEAPON,"递归 Recursion扩容自追踪脉冲装置 被当作转流的移植版本，其拥有更远的射程以及覆盖范围较大的特点，但其本身的伤害依旧不怎么明显。

作为转流的扩充版本，为了提升它的射程以及威力，他所发射的晶体经过大量能量的积压所粘合在一起，这使得他可以轻易的飞翔更远的距离，在靠近目标时，能量的稳定会破裂，从而散出大量晶体漫天扑向敌人。",,,,
IIRT_Okulo,WEAPON,"流通 Okulo电浆发射装置 不能产生明显的追踪，但这种因设计BUG而产生的庞大EMP足以轻松过载任意一艘英仙座中的舰船。

一开始其实是武装部的自追踪离子体军工案的失败品，若不是外派舰队的资金实在不充裕，这种费案绝对会躺在档案库里海枯石烂。",,,,
IIRT_Balance,WEAPON,"均衡 Balance电磁网络 原型是以西卡警卫部队抓捕行动中常用的一种工具，其原理很简单，利用单纯的高能电磁束把对方舰船的电路系统猛地烧穿。",
#大槽,,,,,这个武器因为各种原因，还不是完成稿，理论上你不应该看见这一行。当然也有可能我懒，所以武器没加特殊hint所以你能看的到，不过不要用这个，效果很烂/会炸端/有不可预见的BUG/你单纯用不到这玩意。,
IIRT_Rago,WEAPON,"收割 Rago等离子炮 的用途是依靠连射的等离子体弹药那庞大的能量效果，对敌人的护盾和护甲产生极大的杀伤效果。

这种设计曾经是IIRT自行研发的特殊用途挖矿设备，科考队在经过授权后，为其连接上了更强大的供能核心，为了防止殉爆还做了众多改进：例如短促的连射以及能量中转节流阀等，这使得这种武器变得足够结实耐用并可以登上大雅之堂。",,,,
IIRT_Declare,WEAPON,"""待宴之冥，其光不曾于塔顶；暮光通明，此处不可存仁慈。""",- 不明,,,
#顺序-激光 动能 导弹,,#武器描述,,,,
IIRT_Lab_Volley_Blade,WEAPON,"一种简易制造的、迅捷的、脆弱的小型导弹，具备一定程度的爆发力;由于其自带一种类似LPC的制造设备,使得它往往也具有一定的火力持续能力。

一种极为简单的二级制导导弹，生产制造极为简单，由克劳斯姆概念设计局旗下的多个小工作室合作研发。其尽最大可能的缩小了体积，并保持了自我生产的能力 - 这种能力的来源便是那包裹着导弹的发射仓下部。"
IIRT_Lab_Volley_Blade_fighter,WEAPON,"一种简易制造的、迅捷的、脆弱的小型导弹；为了装到战机上进行了一定的压缩，但是仍旧保持着充足的装药和动力。"
IIRT_Lab_Tracicles,WEAPON,"发射一种相位泡泡，随后泡泡便会试着按照目标在P空间投射的不同影响来进行跟踪。"
IIRT_Lab_Flow,WEAPON,"将聚类雷的子雷取下单独使用，这种情况下还可以进一步扩展其载荷而不受MIRV影响。其具备优秀的追踪能力以及机动能力，但较为脆弱。"
IIRT_Lab_Volley_Blade_Emitter,WEAPON,"一种简易制造的、迅捷的、脆弱的小型导弹，具备一定程度的爆发力；那相较于小号版本更大的载弹量给予了它更为优秀的战场施压能力。

如同先前的设计版本一样，稍大一号的齐射刃巢也具有导弹的自我生产能力，同时额外的自动装填机给予了它更快的装弹速度。

偶尔可以见到装满短刃设计的舰船对敌方进行施压。"
IIRT_Missile_Mine,WEAPON,"一种独特的集束雷发射器，这种聚类雷使用能量载荷进行爆发伤害。其具备优秀的导航和生存能力，在一些比较长久的战斗中，往往也足够搭载它的舰船再充能那么几枚新的拿来使用。"
IIRT_Lab_Convergent_Blast,WEAPON,"利用独特的P空间作用力引导被命中目标内熵的运动轨迹，在极端情况下可以造成极为恐怖的效果 - 但并不怎么常见；若目标的赋能系统处于极端高压的情况下，那么塌缩冲程脉冲就能立刻殉爆掉敌人舰船内的大量舰载系统，并足以导致整个系统的崩溃。

需要指出的是，这类武器并没有想象中的那么容易触发效果，由于其自身的能量载荷并不充裕，致使其难以触发理论上的最大毁伤效果。"
IIRT_Lab_PhaseParticleBeam,WEAPON,"会对P空间产生独特波动效应的粒子发生器，能和P空间产生谐和波动来快速缩减相位冷却。但由于对相位以外的舰船毫无作用，故一般不会被非相位舰船的舰长使用。"
IIRT_Omega_Moon_PD,WEAPON,"""我们进一步调试了能量发生系统，在融合未知舰体的结构后，武器的能量指数和辐射反应都大幅度进入不稳态，其裹挟大量负离子，具体还需要进一步研究。""","""密钥""反应 - 研究日志",,,
IIRT_Omega_Moon_Rocket,WEAPON,"""啊，是的，这本是原型机自带的一种脉冲机动系统，在经过融合以后，这个舰体已经把这玩意变成了一种相当诡异的发生器。所以无论如何你也别在空港测试这玩意，无论如何。""","""密钥""反应 - 研究日志",,,
,,,,,,
IIRT_Lab_Meniscus_LAG,WEAPON,"作为一杆巨大的电磁轨道步枪，LRFk-711拥有非常优秀的对盾施压功能，其射程较远，很适合自一开始就开始对敌人展开攻击，但由于机体难以携带那么大的能量补给系统，致使其远距离作战往往回充速度极为缓慢，故需要在母舰附近以保证能源供给。"
IIRT_Lab_Meniscus_RA,WEAPON,"机体组件的一部分，如果硬要说的设计原因的话，大概就是设计一个胳膊远比一个炮台能要到更多的研发经费和制造资金。"
IIRT_Lab_Meniscus_H,WEAPON,"额外广角模块，提供更加准确的目标定位分析以及额外的处理系统，同时具有一个可以作为PD武器使用的EMP团发生装置以供应急。"
IIRT_Lab_FirstQuarter_LA,WEAPON,"一挺离子突击枪，具备极度优良的射击速度，并且在空战中往往可以轻易将敌机的机载设备烧个精光。"
IIRT_Lab_FirstQuarter_RA,WEAPON,"一挺离子突击枪，具备极度优良的射击速度，并且在空战中往往可以轻易将敌机的机载设备烧个精光。"
IIRT_Lab_FirstQuarter_Head,WEAPON,"类似头部的组件，具备电磁发生装置，可以一定程度上瘫痪敌人战机，并以较小的拉力把他们推离自己。"
IIRT_Lab_Crescent_SG,WEAPON,"啊哈，一把相当大个头的聚能霰弹枪，打出的弹药可以在一阵干脆的爆炸后直接扬了目标舰船的护甲，装填需要一点点过程，但是也并不算多缓慢。"
IIRT_Lab_Crescent_Head,WEAPON,"类似头部的组件，具备强化电磁发生装置，虽然距离较短，但是更容易瘫痪敌人战机，并以较小的拉力把他们拉向自己。"
IIRT_Lab_Crescent_Body,WEAPON,"机体的身体部分，你看见这玩意作为武器显示仅仅是技术原因。"
IIRT_Lab_Pessimism_Main,WEAPON,"塌缩冲程产生器的扩展版本，整个舰船都在围绕这个核心而设计，其更加充裕的单发容能足够支撑更大的判定范围，从而造成更加凶残的毁伤效果。

利用独特的P空间作用力引导被命中目标内熵的运动轨迹，在极端情况下可以造成极为恐怖的效果 - 但并不怎么常见；若目标的赋能系统处于极端高压的情况下，那么塌缩冲程脉冲就能立刻殉爆掉敌人舰船内的大量舰载系统，并足以导致整个系统的崩溃。

需要指出的是，这类武器并没有想象中的那么容易触发效果，由于其自身的能量载荷并不充裕，致使其难以触发理论上的最大毁伤效果。"
#技能,,,,由于其处于一种虚实二相性，逐汐炮打出的弹药往往是不可被拦截的。
IIRT_Lab_Drone_pd_x4,SHIP_SYSTEM,释放6艘舰载机进行点防支援，一共有24艘备用，消耗殆尽后不会进行额外恢复。,防御,释放6艘点防舰载机，当24艘机体都消耗殆尽时，会无法继续使用此系统。
IIRT_Lab_Damper,SHIP_SYSTEM,消耗一定幅能，使用相位节点将自身递送至一种半相位态，从而大幅度减少自身所遭受的伤害、加快修复速度，同时在此过程中会获得 200幅能/s 的额外散幅。,防御,大幅度减少自身所遭受的伤害，同时在此过程中会获得 200幅能/s 的额外散幅。
IIRT_Long_Emp,SHIP_SYSTEM,"短时间激活电磁脉冲发生器。打击附近所有的导弹、战机，且能暂时瘫痪敌舰的武器以及引擎。

这种EMP发生设备经过改良，每次只会短暂激活，从而可以更好的进行操控。",特殊,短时间释放脉冲电弧，并迅速摧毁来袭导弹以及战机，也能暂时瘫痪敌舰的武器和引擎，但无法威胁到护盾。,,
IIRT_Lab_PhaseTeleporter,SHIP_SYSTEM,一种改良过的相位传送系统，能将舰船立即传送至目的地，由于其不需要零幅能便能使用，其往往并不会稳定传送到目标地点。,机动,立即传送至目的地，不必处于零幅能状态就能使用，不一定能稳定传送到目标地点。
IIRT_Lab_PhaseTeleporter_short,SHIP_SYSTEM,一种进一步改良过的短距离相位传送系统，能将舰船立即传送至目的地，由于其距离较短，所以可以进行多次充能，同时也不会产生过多的目标偏移。,机动,立即传送至目的地，距离较短，可以进行多次充能，不会产生过多的目标偏移。
IIRT_Lab_PhaseHold,SHIP_SYSTEM,使用自身部分幅能来和附近己方舰船同步相位场，令范围内相位舰船的相位波动硬幅能阈值提升，同时减少相位维持需求。克劳斯姆设计局的舰船会受到额外加成。,特殊,使用自身大量幅能来和附近己方舰船同步相位场；对周围范围内的己方相位舰船产生显著加成，克劳斯姆设计局的舰船会受到额外加成。
IIRT_Lab_PhaseBuild,SHIP_SYSTEM,调节舰体在此区域P空间的相位场协调度，并在整场战斗中使用。在持续期间其相位冷却时间会降为一半，同时减少此舰体相位维持消耗。在此期间，会对周围大范围内的己方相位舰船产生加成。出于系统的计算压力考虑，每场战斗中只能进行有限次数的调节。,特殊,调节舰体在此区域P空间的相位场协调度，并在整场战斗中使用，减少相位维持消耗，相位冷却时间减半，同时也会短时间内对周围范围内的己方相位舰船产生加成。
IIRT_Lab_PhaseLock,SHIP_SYSTEM,"使用额外的舰体装甲幅能系统来""锁住""P空间的影响。在持续期间其相位冷却时间会降为一半，同时减少此舰体相位维持消耗。",特殊,"使用额外的舰体装甲幅能系统来""锁住""P空间的影响；减少相位维持消耗，相位冷却时间减半。"
IIRT_Lab_PhaseSpeedAmmo,SHIP_SYSTEM,"以部分幅能定向冲击P空间的扰流使其作用于武器系统，这会干扰抛射体类武器的时间流速。短时间使发射的抛射体速度增加。",特殊,以部分幅能定向冲击P空间的扰流使其作用于武器系统，干扰抛射体类武器的时间流速，增加发射的抛射体速度。
IIRT_Lab_MadEnergy,SHIP_SYSTEM,"短时间过充武器系统从而加强各类武器伤害，导弹类武器不受此影响。",进攻,短时间过充武器系统从而大幅增强所有武器伤害，导弹类型不受此影响。
IIRT_Lab_PhasePlasmajets,SHIP_SYSTEM,"其能扭曲空间并从P空间内抽取能量，从而在短时间内达到惊人的机动效果。"
IIRT_Lab_PhasePlasmajets_Small,SHIP_SYSTEM,"这是进一步小型化的时空新月驱动系统，其能扭曲空间并从P空间内抽取能量，从而在短时间内达到惊人的机动效果。"
,,
IIRT_TDB_qiYa,SHIP,"一张关于穿越者协会舰船的画，但是可以跑动。拥有打人很痛的自卫火力，可以轻松蒸发掉船员。

""坏坏，揍你。"""