id,variant,tags,tier,rarity,fleet pts,op cost,formation,range,attackRunRange,attackPositionOffset,num,role,role desc,refit,base value,,,,,,,,,,,,,number
IIRT_Lab_MineBot_Mine_wing,IIRT_Lab_MineBot_Mine,"auto_fighter, no_drop, no_sell, restricted",1,,5,3,CLAW,0,500,,5,ASSAULT,无人机,6,1500,,
IIRT_Lab_Fraudor_PD_wing,IIRT_Lab_Fraudor_PD,"stay_in_front_of_ship, auto_fighter, no_drop, no_sell, restricted",1,,1,5,CLAW,0,600,,4,SUPPORT,无人机,6,1500
IIRT_Lab_Hazy_PD_wing,IIRT_Lab_Hazy_PD,"interceptor1, interceptor, KRM_bp, KRM_fighter, KRM_Com_bp",2,0.25,6,8,CLAW,4000,300,600,3,INTERCEPTOR,相位拦截机,10,6000
IIRT_Lab_Twillight_Assault_wing,IIRT_Lab_Twillight_Assault,"rapid_reform, wingmen_no_swarm,interceptor1, interceptor,restricted, no_drop, no_sell, KRM_fighter",2,,8,10,V,4000,500,600,3,ASSAULT,相位高速突击机,15,11000,
IIRT_Lab_BurnDirt_Rocket_wing,IIRT_Lab_BurnDirt_Rocket,"rapid_reform, KRM_bp, KRM_fighter, KRM_Com_bp",2,,8,15,V,4000,350,600,3,ASSAULT,相位短刃战机,30,8000,
IIRT_Lab_Liquidation_Assault,IIRT_Lab_Liquidation_Assault,"rapid_reform, interceptor1, interceptor, KRM_bp, KRM_fighter",2,,8,13,V,4000,500,300,2,ASSAULT,相位猎兵机,30,9000,
IIRT_Lab_Spirit_Evil_wing,IIRT_Lab_Spirit_Evil,"bomber4, bomber, KRM_bp, KRM_fighter",2,0.5,8,20,CLAW,4000,2000,150,1,BOMBER,相位轰炸机,25,11000,
IIRT_Lab_Meniscus_Rifle_AC,IIRT_Lab_Meniscus_Rifle,"stay_in_front_of_ship, leader_no_swarm, wingmen_no_swarm, support3, fighter, KRM_bp, KRM_mesh",2,,8,16,CLAW,0,600,0,2,SUPPORT,射手-弯月面,40,11000,
IIRT_Lab_FirstQuarter_Assault_AC,IIRT_Lab_FirstQuarter_Assault,"wingmen_no_swarm, fighter2, interceptor, KRM_bp, KRM_mesh",2,,8,20,CLAW,5000,2000,300,3,ASSAULT,突击-上弦月,36,11000
IIRT_Lab_Crescent_Attack_AC,IIRT_Lab_Crescent_Attack,"fighter2, interceptor, KRM_bp, KRM_mesh",2,,8,18,CLAW,5000,2000,300,2,ASSAULT,霰弹-蛾眉月,30,11000
,,,,,,,,,,,,,,,,,,,,,,,,,,,,
IIRT_Lab_Lid_Support_wing,IIRT_Lab_Lid_Support,"auto_fighter, interceptor1, interceptor, restricted, no_drop, no_sell",4,4,2,10,BOX,1000,200,600,2,INTERCEPTOR,无人拦截机,8,20000
IIRT_Lab_Slod_Fir_Support_wing,IIRT_Lab_Slod_Fir_Support,"drone,auto_fighter, support0,restricted, no_drop, no_sell",4,4,2,10,BOX,0,0,200,1,INTERCEPTOR,归尘系统,12,20000,
IIRT_Lab_Slod_Sec_Support_wing,IIRT_Lab_Slod_Sec_Support,"drone,auto_fighter, interceptor1, interceptor, restricted, no_drop, no_sell",4,4,2,10,BOX,0,600,200,1,INTERCEPTOR,归尘系统,12,20000,
IIRT_Lab_Slod_Sec_Assault_wing,IIRT_Lab_Slod_Sec_Assault,"auto_fighter, restricted, no_drop, no_sell",4,4,2,10,BOX,1000,500,900,1,ASSAULT,归尘系统,12,20000
,,,,,,,,,,,,,,,,,,,,,,,,,,,,
IIRT_SD_Budge_PD_wing,IIRT_SD_Budge_PD,"support1, interceptor, iirt_sd_bp, auto_fighter, restricted, no_drop, no_sell",1,,0,2,CLAW,0,1000,10,2,SUPPORT,点防无人机,4,6000
IIRT_SD_Recall_Support_wing,IIRT_SD_Recall_Support,"support2, interceptor, iirt_sd_bp, auto_fighter",2,,2,10,CLAW,0,1000,10,3,SUPPORT,点防无人机,7,6000,
,,,,,,,,,,,,,,,,,,,,,,,,,,,,
IIRT_Omega_Record_shieldbreaker_wing,IIRT_Omega_Record_AntiShield,"auto_fighter, no_drop, no_sell, rapid_reform, leader_no_swarm, wingmen_no_swarm, match_leader_facing, attack_at_an_angle, independent_of_carrier, restricted",3,,6,10,CLAW,100000,600,0,3,FIGHTER,显明,20,20000,,,,,,,,,,,,,27
IIRT_Omega_Record_attack_wing,IIRT_Omega_Record_Attack,"auto_fighter, no_drop, no_sell, rapid_reform, leader_no_swarm, wingmen_no_swarm, match_leader_facing, attack_at_an_angle, independent_of_carrier, restricted",3,,6,10,V,100000,600,300,2,ASSAULT,显明,20,20000,,,,,,,,,,,,,28
IIRT_Omega_Record_missile_wing,IIRT_Omega_Record_Missile,"auto_fighter, no_drop, no_sell, rapid_reform, leader_no_swarm, wingmen_no_swarm, match_leader_facing, attack_at_an_angle, independent_of_carrier, restricted",3,,6,10,CLAW,100000,600,600,2,BOMBER,显明,20,20000,,,,,,,,,,,,,29
IIRT_Omega_Record_shock_wing,IIRT_Omega_Record_Shock,"auto_fighter, no_drop, no_sell, rapid_reform, leader_no_swarm, wingmen_no_swarm, match_leader_facing, attack_at_an_angle, independent_of_carrier, restricted",3,,6,10,BOX,100000,600,100,6,INTERCEPTOR,显明,20,20000,,,,,,,,,,,,,30
,,,,,,,,,,,,,,,,,,,,,,,,,,,,
IIRT_Omega_Allusion_shock_wing,IIRT_Omega_Allusion_Shock,"auto_fighter, no_drop, no_sell, rapid_reform, leader_no_swarm, wingmen_no_swarm, match_leader_facing, attack_at_an_angle, independent_of_carrier, restricted",3,,6,10,BOX,100000,600,100,5,INTERCEPTOR,影射,20,20000,,,,,,,,,,,,,26
IIRT_Omega_Allusion_shieldbreaker_wing,IIRT_Omega_Allusion_AntiShield,"auto_fighter, no_drop, no_sell, rapid_reform, leader_no_swarm, wingmen_no_swarm, match_leader_facing, attack_at_an_angle, independent_of_carrier, restricted",3,,6,10,CLAW,100000,600,0,3,ASSAULT,影射,20,20000,,,,,,,,,,,,,27
IIRT_Omega_Allusion_attack_wing,IIRT_Omega_Allusion_Attack,"auto_fighter, no_drop, no_sell, rapid_reform, leader_no_swarm, wingmen_no_swarm, match_leader_facing, attack_at_an_angle, independent_of_carrier, restricted",3,,6,10,V,100000,600,300,2,FIGHTER,影射,20,20000,,,,,,,,,,,,,28
IIRT_Omega_Allusion_missile_wing,IIRT_Omega_Allusion_Missile,"auto_fighter, no_drop, no_sell, rapid_reform, leader_no_swarm, wingmen_no_swarm, match_leader_facing, attack_at_an_angle, independent_of_carrier, restricted",3,,6,10,CLAW,100000,600,600,1,BOMBER,影射,20,20000,,,,,,,,,,,,,29
,,,,,
IIRT_Omega_Pupal_shieldbreaker_wing,IIRT_Omega_Pupal_AntiShield,"auto_fighter, no_drop, no_sell, rapid_reform, leader_no_swarm, wingmen_no_swarm, independent_of_carrier, restricted",3,,6,10,BOX,100000,600,0,4,FIGHTER,机蛹,20,20000
IIRT_Omega_Pupal_attack_wing,IIRT_Omega_Pupal_Attack,"auto_fighter, no_drop, no_sell, rapid_reform, leader_no_swarm, wingmen_no_swarm, independent_of_carrier, restricted",3,,6,10,CLAW,100000,600,300,3,FIGHTER,机蛹,20,20000,
IIRT_Omega_Pupal_missile_wing,IIRT_Omega_Pupal_Missile,"auto_fighter, no_drop, no_sell, rapid_reform, leader_no_swarm, wingmen_no_swarm, independent_of_carrier, restricted",3,,6,10,BOX,100000,600,600,3,BOMBER,机蛹,20,20000
IIRT_Omega_Pupal_point_wing,IIRT_Omega_Pupal_Point,"auto_fighter, no_drop, no_sell, rapid_reform, leader_no_swarm, wingmen_no_swarm, match_leader_facing, attack_at_an_angle, independent_of_carrier, restricted",3,,6,10,CLAW,100000,600,100,3,ASSAULT,机蛹,20,20000
IIRT_Omega_Pupal_shock_wing,IIRT_Omega_Pupal_Support,"auto_fighter, no_drop, no_sell, rapid_reform, leader_no_swarm, wingmen_no_swarm, match_leader_facing, attack_at_an_angle, independent_of_carrier, restricted",3,,6,10,BOX,100000,600,100,6,INTERCEPTOR,机蛹,20,20000
IIRT_Omega_Pupal_shock_System_wing,IIRT_Omega_Pupal_Support,"auto_fighter, no_drop, no_sell, rapid_reform, leader_no_swarm, wingmen_no_swarm, match_leader_facing, attack_at_an_angle, independent_of_carrier, restricted",1,,1,10,CLAW,100000,600,100,1,ASSAULT,机蛹,20,20000
IIRT_Omega_Pupal_missile_System_wing,IIRT_Omega_Pupal_Missile,"auto_fighter, no_drop, no_sell, rapid_reform, leader_no_swarm, wingmen_no_swarm, match_leader_facing, attack_at_an_angle, independent_of_carrier, restricted",1,,1,10,CLAW,100000,600,100,1,ASSAULT,机蛹,20,20000
IIRT_Omega_Pupal_attack_System_wing,IIRT_Omega_Pupal_Attack,"auto_fighter, no_drop, no_sell, rapid_reform, leader_no_swarm, wingmen_no_swarm, match_leader_facing, attack_at_an_angle, independent_of_carrier, restricted",1,,1,10,CLAW,100000,600,100,1,ASSAULT,机蛹,20,20000
IIRT_Omega_Pupal_shieldbreaker_System_wing,IIRT_Omega_Pupal_AntiShield,"auto_fighter, no_drop, no_sell, rapid_reform, leader_no_swarm, wingmen_no_swarm, match_leader_facing, attack_at_an_angle, independent_of_carrier, restricted",1,,1,10,CLAW,100000,600,100,1,ASSAULT,机蛹,20,20000
,,,,,,,,,,,,
IIRT_Omega_Nihility_attack_wing,IIRT_Omega_Nihility_Attack,"auto_fighter, no_drop, no_sell, rapid_reform, leader_no_swarm, wingmen_no_swarm, match_leader_facing, attack_at_an_angle, independent_of_carrier, restricted",3,,6,10,CLAW,100000,600,300,3,ASSAULT,空无,20,20000
IIRT_Omega_Nihility_missile_wing,IIRT_Omega_Nihility_Missile,"auto_fighter, no_drop, no_sell, rapid_reform, leader_no_swarm, wingmen_no_swarm, match_leader_facing, attack_at_an_angle, independent_of_carrier, restricted",3,,6,10,V,100000,600,350,3,BOMBER,空无,20,20000
IIRT_Omega_Nihility_shock_wing,IIRT_Omega_Nihility_Shock,"auto_fighter, no_drop, no_sell, rapid_reform, leader_no_swarm, wingmen_no_swarm, match_leader_facing, attack_at_an_angle, independent_of_carrier, restricted",3,,6,10,BOX,100000,600,100,4,INTERCEPTOR,空无,20,20000
IIRT_Omega_Nihility_shieldbreaker_wing,IIRT_Omega_Nihility_AntiShield,"auto_fighter, no_drop, no_sell, rapid_reform, leader_no_swarm, wingmen_no_swarm, match_leader_facing, attack_at_an_angle, independent_of_carrier, restricted",3,,6,10,V,100000,600,0,3,FIGHTER,空无,20,20000
,,,,,,,,,,,,
pura_wing,pura_bom,"bomber3, bomber, restricted, no_drop, no_sell",1,4,5,10,CLAW,4000,2500,300,5,BOMBER,轰炸机,15,6000,,,,,,,,,,,,,12