id,type,size,intensity,fadeout,color,offset,hit size,hit intensity,hit fadeout,hit color,flash size,flash intensity,flash fadeout,flash color,flash offset,chance,fighter dim
Omega_Entropy,beam,100,1.05,,"[235,255,215]",,210,0.5,,"[208,255,205]",105,0.5,,"[219,255,253]",,1,TRUE
IIRT_Omega_DDOS_Weapon_shot,projectile,150,0.8,0.5,"[110,100,205]",,250,0.9,1,"[150,100,255]",200,0.3,0.5,"[221,185,255]",,1,TRUE
thermosiphonsrm_shot,projectile,150,0.5,0.5,"[175,220,255]",2,450,0.6,1,"[191,232,235]",100,0.2,0.15,"[195,229,253]",,1,FALSE
IIRT_Lab_HugeWave_shot,projectile,300,0.5,0.5,"[186,202,255]",10,500,0.6,1,"[191,232,235]",175,0.2,0.5,"[186,202,255]",,1,TRUE
,,,,,,,,,,,,,,,
IIRT_Lab_Volley_Blades,projectile,50,0.15,0.5,"[248,125,62]",11,200,0.3,1,"[148,100,50]",105,0.15,0.5,"[157,104,192]",,1,FALSE
IIRT_Lab_Tracicles,projectile,50,0.15,0.3,"[186,202,255]",,100,0.2,0.5,"[186,202,255]",,,,,,1,TRUE
IIRT_Lab_Missile_mine,projectile,90,0.15,0.5,"[173,131,210]",45,450,0.3,1,"[136,167,173]",,,,,,1,FALSE
IIRT_Lab_Missile_mine_Lit,projectile,75,0.2,0.1,"[157,104,192]",11,250,0.3,0.5,"[136,167,173]",125,0.15,0.5,"[136,167,173]",,1,FALSE
,,,,,,,,,,,,,,,
IIRT_Lab_PhaseParticleBeam,beam,70,1.4,,"[186,202,255]",,210,0.7,,"[205,130,130]",105,0.7,,"[205,130,130]",,1,TRUE
IIRT_Omega_Moon_PD,beam,90,0.7,,"[185,240,221]",,265,0.25,,"[185,207,255]",135,0.25,,"[95,145,134]",,1,TRUE
,,,,,,,,,,
IIRT_Bito_shot,projectile,35,0.15,0.05,"[172,182,231]",50,0.2,0.4,,"[247,213,248]",40,0.6,0.2,"[172,182,231]",1
,,,,,,,,,,,,,,
IIRT_DarkLight_shot,projectile,150,0.4,0.1,"[247,213,248]",75,0.4,1.4,,"[200,50,150]",60,1.5,0.75,"[180,90,250]",1
,,,,,,,,,,,,,,
IIRT_Plasma_Ball_missile,projectile,200,0.4,0.1,"[145,150,255]",150,0.75,1,,"[145,150,255]",200,3,0.75,"[172,182,231]",1
,,,,,,,,,,,,,,
IIRT_Rago_shot,projectile,125,0.3,0.1,"[172,182,231]",175,0.3,1.4,,"[145,150,255]",200,3,1,"[145,150,255]",1